id,date,recovered,confirmed_cases,deaths,country
1,2020-01-22,0,1,0,US
2,2020-01-23,0,1,0,US
3,2020-01-24,0,2,0,US
4,2020-01-25,0,3,0,US
5,2020-01-26,0,5,0,US
6,2020-01-27,0,5,0,US
7,2020-01-28,0,5,0,US
8,2020-01-29,0,5,0,US
9,2020-01-30,0,6,0,US
10,2020-01-31,0,7,0,US
11,2020-02-01,0,8,0,US
12,2020-02-02,0,11,0,US
13,2020-02-03,0,11,0,US
14,2020-02-04,0,11,0,US
15,2020-02-05,0,12,0,US
16,2020-02-06,0,12,0,US
17,2020-02-07,0,12,0,US
18,2020-02-08,0,12,0,US
19,2020-02-09,3,12,0,US
20,2020-02-10,3,13,0,US
21,2020-02-11,3,13,0,US
22,2020-02-12,3,14,0,US
23,2020-02-13,3,15,0,US
24,2020-02-14,3,15,0,US
25,2020-02-15,3,15,0,US
26,2020-02-16,3,15,0,US
27,2020-02-17,3,25,0,US
28,2020-02-18,3,25,0,US
29,2020-02-19,3,25,0,US
30,2020-02-20,3,27,0,US
31,2020-02-21,5,30,0,US
32,2020-02-22,5,30,0,US
33,2020-02-23,5,30,0,US
34,2020-02-24,5,43,0,US
35,2020-02-25,6,45,0,US
36,2020-02-26,6,60,0,US
37,2020-02-27,6,60,0,US
38,2020-02-28,7,65,0,US
39,2020-02-29,7,70,1,US
40,2020-03-01,7,88,3,US
41,2020-03-02,7,104,6,US
42,2020-03-03,7,125,10,US
43,2020-03-04,7,161,12,US
44,2020-03-05,7,228,12,US
45,2020-03-06,7,311,15,US
46,2020-03-07,7,428,19,US
47,2020-03-08,7,547,22,US
48,2020-03-09,7,748,26,US
49,2020-03-10,8,1018,31,US
50,2020-03-11,8,1263,37,US
51,2020-03-12,12,1668,43,US
52,2020-03-13,12,2224,50,US
53,2020-03-14,12,2898,60,US
54,2020-03-15,12,3600,68,US
55,2020-03-16,17,4507,91,US
56,2020-03-17,17,5906,117,US
57,2020-03-18,105,8350,162,US
58,2020-03-19,121,12393,212,US
59,2020-03-20,147,18012,277,US
60,2020-03-21,176,24528,360,US
61,2020-03-22,178,33073,458,US
62,2020-03-23,178,43505,579,US
63,2020-03-24,348,53938,785,US
64,2020-03-25,361,68572,1054,US
65,2020-03-26,681,85570,1353,US
66,2020-03-27,869,102900,1770,US
67,2020-03-28,1072,123966,2300,US
68,2020-03-29,2665,142486,2718,US
69,2020-03-30,5644,163955,3368,US
70,2020-03-31,7024,188461,4304,US
71,2020-04-01,8474,215391,5325,US
72,2020-04-02,9001,245108,6541,US
73,2020-04-03,9707,277426,7932,US
74,2020-04-04,14652,312525,9488,US
75,2020-04-05,17448,338141,10856,US
76,2020-04-06,19581,369057,12382,US
77,2020-04-07,21763,399394,14616,US
78,2020-04-08,23559,431214,16701,US
79,2020-04-09,25410,465913,18821,US
80,2020-04-10,28790,499386,21084,US
81,2020-04-11,31270,531106,23168,US
82,2020-04-12,32988,558249,24849,US
83,2020-04-13,43482,584018,26613,US
84,2020-04-14,47763,610709,29318,US
85,2020-04-15,52096,640742,32070,US
86,2020-04-16,54703,672355,34418,US
87,2020-04-17,58545,703864,36707,US
88,2020-04-18,64840,732262,38659,US
89,2020-04-19,70337,757596,40179,US
90,2020-04-20,72329,784991,42016,US
91,2020-04-21,75204,810505,44688,US
92,2020-04-22,77366,839336,47059,US
93,2020-04-23,80203,873112,49228,US
94,2020-04-24,99079,909853,51360,US
95,2020-04-25,100372,944261,53326,US
96,2020-04-26,106988,970996,54580,US
97,2020-04-27,111424,994193,56022,US
98,2020-04-28,115936,1018846,58416,US
99,2020-04-29,120720,1045401,60930,US
100,2020-04-30,153947,1075758,63140,US
101,2020-05-01,164015,1109728,64902,US
102,2020-05-02,175382,1139202,66485,US
103,2020-05-03,180152,1165342,67816,US
104,2020-05-04,187180,1187304,68905,US
105,2020-05-05,189791,1211011,71139,US
106,2020-05-06,189910,1235519,73847,US
107,2020-05-07,195036,1263995,75805,US
108,2020-05-08,198993,1291643,77380,US
109,2020-05-09,212534,1316511,78834,US
110,2020-05-10,216169,1336828,79765,US
111,2020-05-11,232733,1354449,80747,US
112,2020-05-12,230287,1376749,82400,US
113,2020-05-13,243430,1397894,84168,US
114,2020-05-14,246414,1424856,85906,US
115,2020-05-15,250747,1451093,87499,US
116,2020-05-16,268376,1474752,88724,US
117,2020-05-17,272265,1493766,89568,US
118,2020-05-18,283178,1515593,90414,US
119,2020-05-19,289392,1536570,91934,US
120,2020-05-20,294312,1559640,93411,US
121,2020-05-21,298418,1585373,94722,US
122,2020-05-22,350135,1609172,96010,US
123,2020-05-23,361239,1631440,97060,US
124,2020-05-24,366736,1651471,97680,US
125,2020-05-25,379157,1670571,98190,US
126,2020-05-26,384902,1689467,98937,US
127,2020-05-27,391508,1708211,100422,US
128,2020-05-28,399991,1730723,101622,US
129,2020-05-29,406446,1755271,102812,US
130,2020-05-30,416461,1778668,103775,US
131,2020-05-31,444758,1799302,104379,US
132,2020-06-01,458231,1821199,105113,US
133,2020-06-02,463868,1841990,106195,US
134,2020-06-03,479258,1861977,107184,US
135,2020-06-04,485002,1883593,108192,US
136,2020-06-05,491706,1912302,109304,US
137,2020-06-06,500849,1934818,110032,US
138,2020-06-07,506367,1953434,110422,US
139,2020-06-08,518522,1971641,111144,US
140,2020-06-09,524855,1990446,112174,US
141,2020-06-10,533504,2013298,113103,US
142,2020-06-11,540292,2036500,113980,US
143,2020-06-12,547386,2061993,114759,US
144,2020-06-13,556606,2087327,115451,US
145,2020-06-14,561816,2106457,115768,US
146,2020-06-15,576334,2126574,116216,US
147,2020-06-16,583503,2151459,116985,US
148,2020-06-17,592191,2177114,117746,US
149,2020-06-18,599115,2205173,118473,US
150,2020-06-19,606715,2236009,119171,US
151,2020-06-20,617460,2268034,119717,US
152,2020-06-21,622133,2294413,119974,US
153,2020-06-22,640198,2324879,120334,US
154,2020-06-23,647548,2359939,121167,US
155,2020-06-24,656161,2396928,121934,US
156,2020-06-25,663562,2438101,124400,US
157,2020-06-26,670809,2483629,125033,US
158,2020-06-27,679308,2525928,125544,US
159,2020-06-28,685164,2565436,125815,US
160,2020-06-29,705203,2604932,126162,US
161,2020-06-30,720631,2653321,127462,US
162,2020-07-01,729994,2703296,128104,US
163,2020-07-02,781970,2758855,128827,US
164,2020-07-03,790404,2816009,129418,US
165,2020-07-04,894325,2866015,129679,US
166,2020-07-05,906763,2910782,129941,US
167,2020-07-06,924148,2958098,130332,US
168,2020-07-07,936476,3012182,131290,US
169,2020-07-08,953462,3071637,132238,US
170,2020-07-09,969111,3131526,133079,US
171,2020-07-10,983185,3199753,133907,US
172,2020-07-11,995576,3260474,134582,US
173,2020-07-12,1006326,3318279,134977,US
174,2020-07-13,1031939,3379846,135402,US
175,2020-07-14,1049098,3445448,136356,US
176,2020-07-15,1075882,3513790,137327,US
177,2020-07-16,1090645,3589477,138285,US
178,2020-07-17,1107204,3660400,139186,US
179,2020-07-18,1122720,3722851,139961,US
180,2020-07-19,1131121,3785126,140373,US
181,2020-07-20,1160087,3845014,140904,US
182,2020-07-21,1182018,3910291,142031,US
183,2020-07-22,1210849,3980030,143167,US
184,2020-07-23,1233269,4050036,144283,US
185,2020-07-24,1261624,4123561,145429,US
186,2020-07-25,1279414,4190337,146313,US
187,2020-07-26,1297863,4244554,146753,US
188,2020-07-27,1325804,4303735,148449,US
189,2020-07-28,1355363,4366851,149776,US
190,2020-07-29,1389425,4433633,151172,US
191,2020-07-30,1414155,4502581,152433,US
192,2020-07-31,1438160,4571669,153862,US
193,2020-08-01,1461885,4628497,154917,US
194,2020-08-02,1468689,4679291,155337,US
195,2020-08-03,1513446,4726775,155945,US
196,2020-08-04,1528979,4780324,157301,US
197,2020-08-05,1577851,4834047,158554,US
198,2020-08-06,1598624,4891561,159625,US
199,2020-08-07,1623870,4952718,160981,US
200,2020-08-08,1643118,5007958,161947,US
201,2020-08-09,1656864,5056438,162486,US
202,2020-08-10,1670755,5103611,163023,US
203,2020-08-11,1714960,5156968,164474,US
204,2020-08-12,1753760,5211246,165952,US
205,2020-08-13,1774648,5265307,167165,US
206,2020-08-14,1796326,5324784,168341,US
207,2020-08-15,1818527,5375527,169400,US
208,2020-08-16,1833067,5417664,169915,US
209,2020-08-17,1865580,5455187,170449,US
210,2020-08-18,1898159,5498420,171798,US
211,2020-08-19,1925049,5541433,173093,US
212,2020-08-20,1947035,5587475,174136,US
213,2020-08-21,1965056,5636491,175297,US
214,2020-08-22,1985484,5681517,176247,US
215,2020-08-23,1997761,5713850,176693,US
216,2020-08-24,2020774,5754254,177197,US
217,2020-08-25,2053699,5793385,178410,US
218,2020-08-26,2084465,5838532,179603,US
219,2020-08-27,2101326,5884368,180729,US
220,2020-08-28,2118367,5930932,181739,US
221,2020-08-29,2140614,5975541,182610,US
222,2020-08-30,2153939,6008970,182984,US
223,2020-08-31,2184825,6045457,183472,US
224,2020-09-01,2202663,6089506,184563,US
225,2020-09-02,2231757,6121950,185639,US
226,2020-09-03,2266957,6168347,186717,US
227,2020-09-04,2283454,6220448,187697,US
228,2020-09-05,2302187,6262701,188409,US
229,2020-09-06,2315995,6292699,188820,US
230,2020-09-07,2333551,6317865,189083,US
231,2020-09-08,2359111,6346807,189541,US
232,2020-09-09,2387479,6380139,190716,US
233,2020-09-10,2403511,6418200,191631,US
234,2020-09-11,2417878,6465767,192858,US
235,2020-09-12,2434658,6504871,193559,US
236,2020-09-13,2451406,6538214,193958,US
237,2020-09-14,2474570,6575101,194408,US
238,2020-09-15,2495127,6614318,195689,US
239,2020-09-16,2525573,6653586,196686,US
240,2020-09-17,2540334,6698896,197535,US
241,2020-09-18,2556465,6747783,198484,US
242,2020-09-19,2577446,6789594,199154,US
243,2020-09-20,2590671,6825950,199367,US
244,2020-09-21,2615949,6880902,199797,US
245,2020-09-22,2646959,6918293,200738,US
246,2020-09-23,2670256,6959842,201828,US
247,2020-09-24,2710183,7005046,202713,US
248,2020-09-25,2727335,7059627,203566,US
249,2020-09-26,2750459,7102322,204335,US
250,2020-09-27,2766280,7139620,204602,US
251,2020-09-28,2794608,7176980,204952,US
252,2020-09-29,2813305,7220677,205878,US
253,2020-09-30,2840688,7262735,206852,US
254,2020-10-01,2860650,7309153,207699,US
255,2020-10-02,2873369,7362733,208564,US
256,2020-10-03,2897322,7410512,209273,US
257,2020-10-04,2911699,7445575,209606,US
258,2020-10-05,2935142,7507988,210035,US
259,2020-10-06,2952390,7550850,210756,US
260,2020-10-07,2999895,7603867,211752,US
261,2020-10-08,3021252,7660249,212680,US
262,2020-10-09,3039089,7719211,213595,US
263,2020-10-10,3062983,7770859,214187,US
264,2020-10-11,3075077,7815642,214606,US
265,2020-10-12,3106728,7863658,214957,US
266,2020-10-13,3124593,7918051,215783,US
267,2020-10-14,3155794,7977904,216792,US
268,2020-10-15,3177397,8043257,217585,US
269,2020-10-16,3197539,8113721,218476,US
270,2020-10-17,3220573,8166482,219154,US
271,2020-10-18,3234138,8214364,219541,US
272,2020-10-19,3272603,8279804,220058,US
273,2020-10-20,3295148,8340398,220987,US
274,2020-10-21,3323354,8404635,222195,US
275,2020-10-22,3353056,8479765,223023,US
276,2020-10-23,3375427,8565062,223953,US
277,2020-10-24,3406656,8643641,224825,US
278,2020-10-25,3422878,8703356,225164,US
279,2020-10-26,3460455,8777994,225701,US
280,2020-10-27,3487666,8852381,226684,US
281,2020-10-28,3518140,8934263,227702,US
282,2020-10-29,3554336,9024932,228706,US
283,2020-10-30,3578452,9124800,229674,US
284,2020-10-31,3612478,9209007,230512,US
285,2020-11-01,3630579,9283202,230940,US
286,2020-11-02,3674981,9377208,231480,US
287,2020-11-03,3705130,9469624,232610,US
288,2020-11-04,3743527,9577702,234226,US
289,2020-11-05,3781751,9699051,235334,US
290,2020-11-06,3810791,9831874,236582,US
291,2020-11-07,3851465,9957805,237589,US
292,2020-11-08,3881491,10061128,238053,US
293,2020-11-09,3928845,10191572,238798,US
294,2020-11-10,3961873,10331256,240262,US
295,2020-11-11,3997175,10474295,241693,US
296,2020-11-12,4051256,10637946,242865,US
297,2020-11-13,4095146,10819442,244255,US
298,2020-11-14,4148444,10978475,245465,US
299,2020-11-15,4174884,11113661,246088,US
300,2020-11-16,4244811,11280224,246884,US
301,2020-11-17,4293640,11441855,248491,US
302,2020-11-18,4350789,11614135,250415,US
303,2020-11-19,4410709,11801643,252376,US
304,2020-11-20,4457930,12000502,254333,US
305,2020-11-21,4529700,12172435,255758,US
306,2020-11-22,4526513,12313229,256601,US
307,2020-11-23,4633600,12492852,257639,US
308,2020-11-24,4696664,12670710,259848,US
309,2020-11-25,4835956,12851300,262161,US
310,2020-11-26,4871203,12954294,263339,US
311,2020-11-27,4947446,13160133,264751,US
312,2020-11-28,5023063,13311541,265943,US
313,2020-11-29,5065030,13447663,266761,US
314,2020-11-30,5146319,13615321,268031,US
315,2020-12-01,5226581,13799549,270639,US
316,2020-12-02,5322128,14000721,273525,US
317,2020-12-03,5404018,14218459,276381,US
318,2020-12-04,5470389,14449827,279018,US
319,2020-12-05,5576026,14655535,281208,US
320,2020-12-06,5624444,14827456,282319,US
321,2020-12-07,5714557,15031979,283853,US
322,2020-12-08,5786915,15251693,286674,US
323,2020-12-09,5889896,15471409,289830,US
324,2020-12-10,5985047,15697131,292771,US
325,2020-12-11,6135314,15977147,295726,US
326,2020-12-12,6246605,16184679,297981,US
327,2020-12-13,6298082,16368898,299338,US
328,2020-12-14,0,16569783,301016,US
329,2020-12-15,0,16772936,304041,US
330,2020-12-16,0,17017763,307652,US
331,2020-12-17,0,17255472,310950,US
332,2020-12-18,0,17506662,313820,US
333,2020-12-19,0,17700567,316381,US
334,2020-12-20,0,17880478,317810,US
335,2020-12-21,0,18081996,319773,US
336,2020-12-22,0,18283633,323012,US
337,2020-12-23,0,18511396,326424,US
338,2020-12-24,0,18704907,329248,US
339,2020-12-25,0,18805838,330377,US
340,2020-12-26,0,19022699,332023,US
341,2020-12-27,0,19174788,333253,US
342,2020-12-28,0,19363798,335152,US
343,2020-12-29,0,19564828,338780,US
344,2020-12-30,0,19793777,342588,US
345,2020-12-31,0,20024801,346050,US
346,2021-01-01,0,20172049,347970,US
347,2021-01-02,0,20463659,350343,US
348,2021-01-03,0,20665439,351694,US
349,2021-01-04,0,20917269,353743,US
350,2021-01-05,0,21152285,357432,US
351,2021-01-06,0,21408251,361396,US
352,2021-01-07,0,21688585,365509,US
353,2021-01-08,0,21989362,369404,US
354,2021-01-09,0,22241281,372663,US
355,2021-01-10,0,22449576,374440,US
356,2021-01-11,0,22675892,376488,US
357,2021-01-12,0,22905869,380894,US
358,2021-01-13,0,23135194,384824,US
359,2021-01-14,0,23374716,388804,US
360,2021-01-15,0,23614569,392553,US
361,2021-01-16,0,23816762,395894,US
362,2021-01-17,0,23986856,397624,US
363,2021-01-18,0,24127989,399065,US
364,2021-01-19,0,24314933,401836,US
365,2021-01-20,0,24500421,406216,US
366,2021-01-21,0,24690903,410351,US
367,2021-01-22,0,24882468,414082,US
368,2021-01-23,0,25050385,417404,US
369,2021-01-24,0,25180061,419219,US
370,2021-01-25,0,25336637,421126,US
371,2021-01-26,0,25487275,425224,US
372,2021-01-27,0,25643045,429326,US
373,2021-01-28,0,25809220,433194,US
374,2021-01-29,0,25973835,436794,US
375,2021-01-30,0,26107635,439435,US
376,2021-01-31,0,26221675,441299,US
377,2021-02-01,0,26363284,443249,US
378,2021-02-02,0,26478540,446860,US
379,2021-02-03,0,26598723,450703,US
380,2021-02-04,0,26724359,455820,US
381,2021-02-05,0,26853860,459390,US
382,2021-02-06,0,26958807,462052,US
383,2021-02-07,0,27046088,463353,US
384,2021-02-08,0,27139070,464936,US
385,2021-02-09,0,27235460,468106,US
386,2021-02-10,0,27330435,471360,US
387,2021-02-11,0,27436075,475238,US
388,2021-02-12,0,27535702,480701,US
389,2021-02-13,0,27620354,484073,US
390,2021-02-14,0,27684134,485154,US
391,2021-02-15,0,27739406,486148,US
392,2021-02-16,0,27803946,487855,US
393,2021-02-17,0,27874107,490326,US
394,2021-02-18,0,27945898,492951,US
395,2021-02-19,0,28023910,495572,US
396,2021-02-20,0,28093630,497403,US
397,2021-02-21,0,28148810,498650,US
398,2021-02-22,0,28208276,500104,US
399,2021-02-23,0,28280189,502432,US
400,2021-02-24,0,28354383,505642,US
401,2021-02-25,0,28432265,508107,US
402,2021-02-26,0,28510582,510283,US
403,2021-02-27,0,28573256,511850,US
404,2021-02-28,0,28624161,512979,US
405,2021-03-01,0,28680857,514404,US
406,2021-03-02,0,28738501,515710,US
407,2021-03-03,0,28805113,518079,US
408,2021-03-04,0,28872395,520028,US
409,2021-03-05,0,28938090,522511,US
410,2021-03-06,0,28994675,523970,US
411,2021-03-07,0,29034739,524646,US
412,2021-03-08,0,29129252,525466,US
413,2021-03-09,0,29185151,527351,US
414,2021-03-10,0,29243346,528825,US
415,2021-03-11,0,29305733,530349,US
416,2021-03-12,0,29369899,532054,US
417,2021-03-13,0,29419456,533928,US
418,2021-03-14,0,29457445,534497,US
419,2021-03-15,0,29514609,535250,US
420,2021-03-16,0,29569140,536494,US
421,2021-03-17,0,29628071,537671,US
422,2021-03-18,0,29688541,539229,US
423,2021-03-19,0,29749164,540743,US
424,2021-03-20,0,29803589,541515,US
425,2021-03-21,0,29837782,541963,US
426,2021-03-22,0,29892498,542611,US
427,2021-03-23,0,29949244,543504,US
428,2021-03-24,0,30029147,545094,US
429,2021-03-25,0,30098263,546364,US
430,2021-03-26,0,30172762,547624,US
431,2021-03-27,0,30233462,548404,US
432,2021-03-28,0,30277977,548894,US
433,2021-03-29,0,30348716,549579,US
434,2021-03-30,0,30410950,550526,US
435,2021-03-31,0,30478886,551661,US
436,2021-04-01,0,30556079,552618,US
437,2021-04-02,0,30624668,553574,US
438,2021-04-03,0,30688804,554327,US
439,2021-04-04,0,30725627,554599,US
440,2021-04-05,0,30802221,555129,US
441,2021-04-06,0,30864193,556038,US
442,2021-04-07,0,30937283,558609,US
443,2021-04-08,0,31017741,559611,US
444,2021-04-09,0,31099323,560557,US
445,2021-04-10,0,31164081,561261,US
446,2021-04-11,0,31212058,561562,US
447,2021-04-12,0,31283990,562027,US
448,2021-04-13,0,31361311,563010,US
449,2021-04-14,0,31437061,563945,US
450,2021-04-15,0,31510755,564862,US
451,2021-04-16,0,31589109,565797,US
452,2021-04-17,0,31642983,566474,US
453,2021-04-18,0,31684382,566832,US
454,2021-04-19,0,31754642,567317,US
455,2021-04-20,0,31815666,568149,US
456,2021-04-21,0,31878161,568989,US
457,2021-04-22,0,31944402,569900,US
458,2021-04-23,0,32008186,570773,US
459,2021-04-24,0,32058654,571498,US
460,2021-04-25,0,32092245,571780,US
461,2021-04-26,0,32139580,572259,US
462,2021-04-27,0,32191457,572972,US
463,2021-04-28,0,32246275,573906,US
464,2021-04-29,0,32303857,574780,US
465,2021-04-30,0,32362374,575640,US
466,2021-05-01,0,32407133,576355,US
467,2021-05-02,0,32436765,576667,US
468,2021-05-03,0,32486709,577126,US
469,2021-05-04,0,32527664,578030,US
470,2021-05-05,0,32572383,578806,US
471,2021-05-06,0,32620077,579638,US
472,2021-05-07,0,32667570,580450,US
473,2021-05-08,0,32701236,581054,US
474,2021-05-09,0,32723564,581300,US
475,2021-05-10,0,32760121,581670,US
476,2021-05-11,0,32794162,582363,US
477,2021-05-12,0,32829645,583211,US
478,2021-05-13,0,32868084,583991,US
479,2021-05-14,0,32909065,584723,US
480,2021-05-15,0,32938115,585282,US
481,2021-05-16,0,32954825,585574,US
482,2021-05-17,0,32984032,585958,US
483,2021-05-18,0,33011895,586825,US
484,2021-05-19,0,33040689,587500,US
485,2021-05-20,0,33070307,588154,US
486,2021-05-21,0,33107107,588850,US
487,2021-05-22,0,33117634,589329,US
488,2021-05-23,0,33131784,589518,US
489,2021-05-24,0,33157412,589935,US
490,2021-05-25,0,33180250,590635,US
491,2021-05-26,0,33203636,591601,US
492,2021-05-27,0,33231383,592942,US
493,2021-05-28,0,33253407,593701,US
494,2021-05-29,0,33264967,594040,US
495,2021-05-30,0,33272409,594171,US
496,2021-05-31,0,33277912,594321,US
497,2021-06-01,0,33300482,594841,US
498,2021-06-02,0,33317340,595435,US
499,2021-06-03,0,33336811,596051,US
500,2021-06-04,0,33312812,596190,US
501,2021-06-05,0,33323260,596565,US
502,2021-06-06,0,33329413,596817,US
503,2021-06-07,0,33348865,597153,US
504,2021-06-08,0,33363050,597528,US
505,2021-06-09,0,33383714,598100,US
506,2021-06-10,0,33399513,598560,US
507,2021-06-11,0,33416340,599077,US
508,2021-06-12,0,33424619,599247,US
509,2021-06-13,0,33431406,599342,US
510,2021-06-14,0,33446525,599552,US
511,2021-06-15,0,33458397,600004,US
512,2021-06-16,0,33472808,600428,US
513,2021-06-17,0,33484995,600716,US
514,2021-06-18,0,33497695,601185,US
515,2021-06-19,0,33505275,601354,US
516,2021-06-20,0,33509338,601444,US
517,2021-06-21,0,33525182,601732,US
518,2021-06-22,0,33537943,602164,US
519,2021-06-23,0,33551974,602562,US
520,2021-06-24,0,33566669,602917,US
521,2021-06-25,0,33581632,603375,US
522,2021-06-26,0,33588423,603501,US
523,2021-06-27,0,33592510,603597,US
524,2021-06-28,0,33608058,603758,US
525,2021-06-29,0,33623787,604137,US
526,2021-06-30,0,33639764,604460,US
527,2021-07-01,0,33704723,604707,US
528,2021-07-02,0,33725159,604973,US
529,2021-07-03,0,33729152,605059,US
530,2021-07-04,0,33732074,605096,US
531,2021-07-05,0,33736665,605137,US
532,2021-07-06,0,33763742,605454,US
533,2021-07-07,0,33793961,605776,US
534,2021-07-08,0,33843194,606142,US
535,2021-07-09,0,33878529,606549,US
536,2021-07-10,0,33886287,606637,US
537,2021-07-11,0,33891830,606667,US
538,2021-07-12,0,33927213,606940,US
539,2021-07-13,0,33970195,607372,US
540,2021-07-14,0,34008250,607765,US
541,2021-07-15,0,34044268,608103,US
542,2021-07-16,0,34096492,608460,US
543,2021-07-17,0,34108937,608543,US
544,2021-07-18,0,34117964,608580,US
545,2021-07-19,0,34177146,608811,US
546,2021-07-20,0,34239257,609111,US
547,2021-07-21,0,34299310,609508,US
548,2021-07-22,0,34364829,609870,US
549,2021-07-23,0,34447610,610313,US
550,2021-07-24,0,34469200,610414,US
551,2021-07-25,0,34483033,610463,US
552,2021-07-26,0,34576119,610722,US
553,2021-07-27,0,34682937,611206,US
554,2021-07-28,0,34767898,611711,US
555,2021-07-29,0,34866192,612104,US
556,2021-07-30,0,34988866,612775,US
557,2021-07-31,0,35018564,612919,US
558,2021-08-01,0,35041458,612982,US
559,2021-08-02,0,35177628,613440,US
560,2021-08-03,0,35327939,614109,US
561,2021-08-04,0,35440283,614834,US
562,2021-08-05,0,35567255,615408,US
563,2021-08-06,0,35735606,616257,US
564,2021-08-07,0,35777721,616463,US
565,2021-08-08,0,35813789,616594,US
566,2021-08-09,0,35992480,617314,US
567,2021-08-10,0,36154571,618363,US
568,2021-08-11,0,36310148,618701,US
569,2021-08-12,0,36448857,619723,US
570,2021-08-13,0,36636249,620809,US
571,2021-08-14,0,36686066,621051,US
572,2021-08-15,0,36729884,621228,US
573,2021-08-16,0,36989377,622244,US
574,2021-08-17,0,37133674,623237,US
575,2021-08-18,0,37298543,624365,US
576,2021-08-19,0,37458349,626099,US
577,2021-08-20,0,37657643,627631,US
578,2021-08-21,0,37737034,628100,US
579,2021-08-22,0,37777607,628285,US
580,2021-08-23,0,38043754,629644,US
581,2021-08-24,0,38193951,631057,US
582,2021-08-25,0,38364887,632522,US
583,2021-08-26,0,38552648,634735,US
584,2021-08-27,0,38748559,636509,US
585,2021-08-28,0,38833818,637076,US
586,2021-08-29,0,38875976,637356,US
587,2021-08-30,0,39156379,639081,US
588,2021-08-31,0,39316629,640519,US
589,2021-09-01,0,39527624,642454,US
590,2021-09-02,0,39703320,645391,US
591,2021-09-03,0,39894795,647370,US
592,2021-09-04,0,39960849,647896,US
593,2021-09-05,0,40005266,648273,US
594,2021-09-06,0,40082242,648788,US
595,2021-09-07,0,40383380,651014,US
596,2021-09-08,0,40567569,653216,US
597,2021-09-09,0,40738140,656448,US
598,2021-09-10,0,40914456,658865,US
599,2021-09-11,0,40988382,659556,US
600,2021-09-12,0,41027940,659854,US
601,2021-09-13,0,41312998,661579,US
602,2021-09-14,0,41465694,664235,US
603,2021-09-15,0,41635889,666816,US
604,2021-09-16,0,41790772,670234,US
605,2021-09-17,0,41957710,672813,US
606,2021-09-18,0,42025890,673637,US
607,2021-09-19,0,42065846,673939,US
608,2021-09-20,0,42274012,676191,US
609,2021-09-21,0,42403987,678556,US
610,2021-09-22,0,42551480,681343,US
611,2021-09-23,0,42679344,684498,US
612,2021-09-24,0,42819355,687247,US
613,2021-09-25,0,42870947,687876,US
614,2021-09-26,0,42905182,688178,US
615,2021-09-27,0,43099971,690559,US
616,2021-09-28,0,43213311,692878,US
617,2021-09-29,0,43341823,695393,US
618,2021-09-30,0,43458032,698136,US
619,2021-10-01,0,43583808,700583,US
620,2021-10-02,0,43628030,701231,US
621,2021-10-03,0,43653869,701480,US
622,2021-10-04,0,43826568,703515,US
623,2021-10-05,0,43925170,705543,US
624,2021-10-06,0,44051125,708073,US
625,2021-10-07,0,44156527,710522,US
626,2021-10-08,0,44269453,712967,US
627,2021-10-09,0,44306787,713480,US
628,2021-10-10,0,44329826,713961,US
629,2021-10-11,0,44453506,715123,US
630,2021-10-12,0,44565082,717648,US
631,2021-10-13,0,44671639,719887,US
632,2021-10-14,0,44760608,721929,US
633,2021-10-15,0,44859168,724104,US
634,2021-10-16,0,44892709,724491,US
635,2021-10-17,0,44914861,724673,US
636,2021-10-18,0,45036894,726545,US
637,2021-10-19,0,45120577,728682,US
638,2021-10-20,0,45207199,731688,US
639,2021-10-21,0,45289145,733564,US
640,2021-10-22,0,45376442,735699,US
641,2021-10-23,0,45406266,736148,US
642,2021-10-24,0,45423368,736296,US
643,2021-10-25,0,45528929,737709,US
644,2021-10-26,0,45616352,739445,US
645,2021-10-27,0,45710896,741460,US
646,2021-10-28,0,45797081,743242,US
647,2021-10-29,0,45885804,745262,US
648,2021-10-30,0,45915215,745586,US
649,2021-10-31,0,45934098,745743,US
650,2021-11-01,0,46058668,746894,US
651,2021-11-02,0,46135611,748410,US
652,2021-11-03,0,46220455,750290,US
653,2021-11-04,0,46303542,751413,US
654,2021-11-05,0,46395310,753734,US
655,2021-11-06,0,46427249,754136,US
656,2021-11-07,0,46449334,754268,US
657,2021-11-08,0,46575795,755489,US
658,2021-11-09,0,46659446,757205,US
659,2021-11-10,0,46757836,758841,US
660,2021-11-11,0,46822437,759563,US
661,2021-11-12,0,46951788,761624,US
662,2021-11-13,0,47013185,762092,US
663,2021-11-14,0,47036794,762234,US
664,2021-11-15,0,47185418,763425,US
665,2021-11-16,0,47275904,764871,US
666,2021-11-17,0,47390261,766489,US
667,2021-11-18,0,47500534,769820,US
668,2021-11-19,0,47620182,771811,US
669,2021-11-20,0,47661246,772136,US
670,2021-11-21,0,47692618,772259,US
671,2021-11-22,0,47851516,773402,US
672,2021-11-23,0,47944287,774880,US
673,2021-11-24,0,48064179,776516,US
674,2021-11-25,0,48095032,776893,US
675,2021-11-26,0,48146557,777437,US
676,2021-11-27,0,48171236,777629,US
677,2021-11-28,0,48195186,777750,US
678,2021-11-29,0,48411498,779624,US
679,2021-11-30,0,48520792,781183,US
680,2021-12-01,0,48660112,783149,US
681,2021-12-02,0,48798824,784506,US
682,2021-12-03,0,48952069,786667,US
683,2021-12-04,0,49010213,787157,US
684,2021-12-05,0,49044786,787318,US
685,2021-12-06,0,49242230,788660,US
686,2021-12-07,0,49356227,790434,US
687,2021-12-08,0,49505272,792313,US
688,2021-12-09,0,49628777,793608,US
689,2021-12-10,0,49793839,795711,US
690,2021-12-11,0,49845184,796127,US
691,2021-12-12,0,49881540,796322,US
692,2021-12-13,0,50084423,797611,US
693,2021-12-14,0,50201282,799345,US
694,2021-12-15,0,50346558,801438,US
695,2021-12-16,0,50492877,802601,US
696,2021-12-17,0,50664022,804697,US
697,2021-12-18,0,50738685,805171,US
698,2021-12-19,0,50811164,805334,US
699,2021-12-20,0,51114064,806753,US
700,2021-12-21,0,51303535,808841,US
701,2021-12-22,0,51547227,810927,US
702,2021-12-23,0,51812442,814211,US
703,2021-12-24,0,51996367,815213,US
704,2021-12-25,0,52054715,815312,US
705,2021-12-26,0,52244429,815391,US
706,2021-12-27,0,52787969,817134,US
707,2021-12-28,0,53168681,819630,US
708,2021-12-29,0,53657745,821731,US
709,2021-12-30,0,54242800,823141,US
710,2021-12-31,0,54689367,824336,US
711,2022-01-01,0,54850427,824609,US
712,2022-01-02,0,55137064,824841,US
713,2022-01-03,0,56155999,826491,US
714,2022-01-04,0,57041905,828853,US
715,2022-01-05,0,57745969,830981,US
716,2022-01-06,0,58505187,832953,US
717,2022-01-07,0,59405357,835637,US
718,2022-01-08,0,59851597,836327,US
719,2022-01-09,0,60166932,836728,US
720,2022-01-10,0,61600909,838412,US
721,2022-01-11,0,62370837,841092,US
722,2022-01-12,0,63251819,843853,US
723,2022-01-13,0,64120526,846110,US
724,2022-01-14,0,65053852,849101,US
725,2022-01-15,0,65477079,850099,US
726,2022-01-16,0,65814886,850509,US
727,2022-01-17,0,66526937,851283,US
728,2022-01-18,0,67705340,854268,US
729,2022-01-19,0,68557295,857644,US
730,2022-01-20,0,69305615,860316,US
731,2022-01-21,0,70130930,864182,US
732,2022-01-22,0,70468314,865116,US
733,2022-01-23,0,70667795,865687,US
734,2022-01-24,0,71699954,867866,US
735,2022-01-25,0,72210867,870838,US
736,2022-01-26,0,72895313,874733,US
737,2022-01-27,0,73425577,877824,US
738,2022-01-28,0,73981352,881703,US
739,2022-01-29,0,74223465,883009,US
740,2022-01-30,0,74327523,883370,US
741,2022-01-31,0,74989495,885943,US
742,2022-02-01,0,75285900,889525,US
743,2022-02-02,0,75610929,893156,US
744,2022-02-03,0,75923171,896178,US
745,2022-02-04,0,76236151,900154,US
746,2022-02-05,0,76359918,901022,US
747,2022-02-06,0,76418395,901400,US
748,2022-02-07,0,76766514,904139,US
749,2022-02-08,0,76961010,907497,US
750,2022-02-09,0,77187359,911067,US
751,2022-02-10,0,77360952,914328,US
752,2022-02-11,0,77530775,917135,US
753,2022-02-12,0,77594737,917896,US
754,2022-02-13,0,77629125,918368,US
755,2022-02-14,0,77835449,920954,US
756,2022-02-15,0,77950961,923804,US
757,2022-02-16,0,78092141,927110,US
758,2022-02-17,0,78196006,930297,US
759,2022-02-18,0,78305615,932788,US
760,2022-02-19,0,78351826,933480,US
761,2022-02-20,0,78377993,933894,US
762,2022-02-21,0,78433652,934654,US
763,2022-02-22,0,78556769,937380,US
764,2022-02-23,0,78641313,940404,US
765,2022-02-24,0,78714719,943312,US
766,2022-02-25,0,78800705,946121,US
767,2022-02-26,0,78825927,946686,US
768,2022-02-27,0,78835013,946883,US
769,2022-02-28,0,78942813,948855,US
770,2022-03-01,0,78986396,950788,US
771,2022-03-02,0,79044542,953136,US
772,2022-03-03,0,79096279,955018,US
773,2022-03-04,0,79145866,956910,US
774,2022-03-05,0,79162481,957217,US
775,2022-03-06,0,79169256,957429,US
776,2022-03-07,0,79232308,959115,US
777,2022-03-08,0,79266324,960690,US
778,2022-03-09,0,79314028,962503,US
779,2022-03-10,0,79352221,964062,US
780,2022-03-11,0,79396596,965746,US
781,2022-03-12,0,79407518,966218,US
782,2022-03-13,0,79413908,966361,US
783,2022-03-14,0,79462956,963926,US
784,2022-03-15,0,79511352,965449,US
785,2022-03-16,0,79550748,967482,US
786,2022-03-17,0,79586734,968690,US
787,2022-03-18,0,79623203,969733,US
788,2022-03-19,0,79635322,970065,US
789,2022-03-20,0,79643175,970148,US
790,2022-03-21,0,79689310,971107,US
791,2022-03-22,0,79714979,972104,US
792,2022-03-23,0,79762066,973459,US
793,2022-03-24,0,79799812,974441,US
794,2022-03-25,0,79833549,975273,US
795,2022-03-26,0,79845604,975436,US
796,2022-03-27,0,79853102,975486,US
797,2022-03-28,0,79895338,976396,US
798,2022-03-29,0,79920966,977153,US
799,2022-03-30,0,79966408,978361,US
800,2022-03-31,0,80004185,979236,US
801,2022-04-01,0,80036620,979881,US
802,2022-04-02,0,80048015,980018,US
803,2022-04-03,0,80052942,980057,US
804,2022-04-04,0,80093982,980682,US
805,2022-04-05,0,80124875,981146,US
806,2022-04-06,0,80174198,982263,US
807,2022-04-07,0,80209904,982971,US
808,2022-04-08,0,80254009,983514,US
809,2022-04-09,0,80267530,983786,US
810,2022-04-10,0,80275715,983813,US
811,2022-04-11,0,80325700,984247,US
812,2022-04-12,0,80354734,984838,US
813,2022-04-13,0,80408643,985832,US
814,2022-04-14,0,80466106,986448,US
815,2022-04-15,0,80513724,987171,US
816,2022-04-16,0,80524627,987211,US
817,2022-04-17,0,80535906,987228,US
818,2022-04-18,0,80595982,987545,US
819,2022-04-19,0,80646004,987999,US
820,2022-04-20,0,80708901,988610,US
821,2022-04-21,0,80768167,989094,US
822,2022-04-22,0,80836264,989584,US
823,2022-04-23,0,80855181,989681,US
824,2022-04-24,0,80867572,989709,US
825,2022-04-25,0,80942184,990062,US
826,2022-04-26,0,80996837,990368,US
827,2022-04-27,0,81081307,991039,US
828,2022-04-28,0,81154876,991502,US
829,2022-04-29,0,81236707,991921,US
830,2022-04-30,0,81259033,992010,US
831,2022-05-01,0,81274401,992033,US
832,2022-05-02,0,81370245,992424,US
833,2022-05-03,0,81439579,993088,US
834,2022-05-04,0,81541535,995021,US
835,2022-05-05,0,81634962,995715,US
836,2022-05-06,0,81730174,996168,US
837,2022-05-07,0,81760532,996264,US
838,2022-05-08,0,81772325,996283,US
839,2022-05-09,0,81884978,996612,US
840,2022-05-10,0,81978601,996916,US
841,2022-05-11,0,82140136,997481,US
842,2022-05-12,0,82255493,997853,US
843,2022-05-13,0,82369958,998279,US
844,2022-05-14,0,82395023,998325,US
845,2022-05-15,0,82414462,998352,US
846,2022-05-16,0,82564280,998673,US
847,2022-05-17,0,82698373,999027,US
848,2022-05-18,0,82867288,999607,US
849,2022-05-19,0,82988450,1000013,US
850,2022-05-20,0,83128466,1000411,US
851,2022-05-21,0,83165773,1000526,US
852,2022-05-22,0,83187760,1000577,US
853,2022-05-23,0,83320644,1000826,US
854,2022-05-24,0,83453009,1001375,US
855,2022-05-25,0,83640103,1002179,US
856,2022-05-26,0,83764744,1002522,US
857,2022-05-27,0,83903655,1003124,US
858,2022-05-28,0,83917417,1003159,US
859,2022-05-29,0,83926462,1003167,US
860,2022-05-30,0,83958614,1003189,US
861,2022-05-31,0,84140997,1003571,US
862,2022-06-01,0,84360023,1004163,US
863,2022-06-02,0,84471393,1004534,US
864,2022-06-03,0,84613605,1004941,US
865,2022-06-04,0,84657255,1005134,US
866,2022-06-05,0,84673734,1005152,US
867,2022-06-06,0,84810837,1005473,US
868,2022-06-07,0,84953650,1005943,US
869,2022-06-08,0,85132456,1006988,US
870,2022-06-09,0,85250167,1007331,US
871,2022-06-10,0,85386208,1007702,US
872,2022-06-11,0,85421581,1007826,US
873,2022-06-12,0,85439974,1007845,US
874,2022-06-13,0,85565377,1008116,US
875,2022-06-14,0,85700792,1008554,US
876,2022-06-15,0,85872596,1009208,US
877,2022-06-16,0,85976793,1009543,US
878,2022-06-17,0,86093350,1009847,US
879,2022-06-18,0,86108115,1009871,US
880,2022-06-19,0,86122722,1009893,US
881,2022-06-20,0,86176918,1009982,US
882,2022-06-21,0,86386656,1010552,US
883,2022-06-22,0,86557097,1011326,US
884,2022-06-23,0,86673590,1011825,US
885,2022-06-24,0,86829149,1012317,US
886,2022-06-25,0,86876818,1012480,US
887,2022-06-26,0,86895056,1012486,US
888,2022-06-27,0,87027295,1012765,US
889,2022-06-28,0,87149583,1013306,US
890,2022-06-29,0,87345359,1013999,US
891,2022-06-30,0,87469077,1014452,US
892,2022-07-01,0,87621338,1014974,US
893,2022-07-02,0,87633658,1014995,US
894,2022-07-03,0,87640519,1014998,US
895,2022-07-04,0,87676181,1015062,US
896,2022-07-05,0,87857067,1015488,US
897,2022-07-06,0,88097358,1016205,US
898,2022-07-07,0,88221970,1016680,US
899,2022-07-08,0,88390029,1017242,US
900,2022-07-09,0,88413615,1017278,US
901,2022-07-10,0,88436184,1017286,US
902,2022-07-11,0,88611513,1017837,US
903,2022-07-12,0,88795782,1018359,US
904,2022-07-13,0,88986908,1019239,US
905,2022-07-14,0,89131091,1019697,US
906,2022-07-15,0,89300973,1020230,US
907,2022-07-16,0,89322015,1020272,US
908,2022-07-17,0,89343986,1020283,US
909,2022-07-18,0,89514434,1020803,US
910,2022-07-19,0,89675305,1021350,US
911,2022-07-20,0,89879921,1022142,US
912,2022-07-21,0,90033432,1022693,US
913,2022-07-22,0,90199121,1023273,US
914,2022-07-23,0,90223372,1023329,US
915,2022-07-24,0,90244872,1023343,US
916,2022-07-25,0,90412575,1023855,US
917,2022-07-26,0,90576810,1024374,US
918,2022-07-27,0,90803295,1025198,US
919,2022-07-28,0,90952402,1025682,US
920,2022-07-29,0,91091698,1026300,US
921,2022-07-30,0,91103665,1026322,US
922,2022-07-31,0,91114530,1026331,US
923,2022-08-01,0,91291256,1026937,US
924,2022-08-02,0,91399466,1027382,US
925,2022-08-03,0,91616745,1028439,US
926,2022-08-04,0,91781476,1029112,US
927,2022-08-05,0,91913390,1029769,US
928,2022-08-06,0,91924176,1029797,US
929,2022-08-07,0,91934257,1029808,US
930,2022-08-08,0,92079701,1030371,US
931,2022-08-09,0,92208348,1030933,US
932,2022-08-10,0,92383180,1031805,US
933,2022-08-11,0,92520198,1032506,US
934,2022-08-12,0,92641966,1033177,US
935,2022-08-13,0,92648820,1033195,US
936,2022-08-14,0,92659524,1033207,US
937,2022-08-15,0,92788886,1033762,US
938,2022-08-16,0,92909503,1034234,US
939,2022-08-17,0,93069322,1035194,US
940,2022-08-18,0,93195688,1035802,US
941,2022-08-19,0,93304179,1036333,US
942,2022-08-20,0,93312106,1036360,US
943,2022-08-21,0,93320628,1036368,US
944,2022-08-22,0,93441270,1036961,US
945,2022-08-23,0,93546473,1037466,US
946,2022-08-24,0,93720590,1038392,US
947,2022-08-25,0,93831767,1039036,US
948,2022-08-26,0,93934199,1039673,US
949,2022-08-27,0,93943022,1039703,US
950,2022-08-28,0,93951561,1039706,US
951,2022-08-29,0,94063866,1040297,US
952,2022-08-30,0,94180902,1040764,US
953,2022-08-31,0,94335008,1042167,US
954,2022-09-01,0,94443668,1042880,US
955,2022-09-02,0,94532021,1043382,US
956,2022-09-03,0,94539458,1043401,US
957,2022-09-04,0,94545281,1043402,US
958,2022-09-05,0,94563745,1043455,US
959,2022-09-06,0,94689639,1044083,US
960,2022-09-07,0,94833490,1044912,US
961,2022-09-08,0,94921915,1045586,US
962,2022-09-09,0,94995800,1046119,US
963,2022-09-10,0,94999027,1046145,US
964,2022-09-11,0,95010491,1046164,US
965,2022-09-12,0,95098004,1046733,US
966,2022-09-13,0,95159646,1047221,US
967,2022-09-14,0,95275075,1048141,US
968,2022-09-15,0,95369503,1048765,US
969,2022-09-16,0,95428258,1049213,US
970,2022-09-17,0,95434981,1049235,US
971,2022-09-18,0,95440240,1049243,US
972,2022-09-19,0,95507606,1049750,US
973,2022-09-20,0,95559194,1050158,US
974,2022-09-21,0,95666528,1051083,US
975,2022-09-22,0,95760230,1051601,US
976,2022-09-23,0,95804726,1052056,US
977,2022-09-24,0,95812817,1052093,US
978,2022-09-25,0,95819136,1052099,US
979,2022-09-26,0,95877656,1052503,US
980,2022-09-27,0,95919539,1052948,US
981,2022-09-28,0,96019867,1054260,US
982,2022-09-29,0,96104859,1054893,US
983,2022-09-30,0,96144226,1055290,US
984,2022-10-01,0,96150643,1055316,US
985,2022-10-02,0,96156591,1055316,US
986,2022-10-03,0,96204427,1055596,US
987,2022-10-04,0,96240281,1056073,US
988,2022-10-05,0,96320795,1057185,US
989,2022-10-06,0,96394630,1057889,US
990,2022-10-07,0,96429284,1058206,US
991,2022-10-08,0,96422344,1058156,US
992,2022-10-09,0,96428398,1058159,US
993,2022-10-10,0,96452692,1058322,US
994,2022-10-11,0,96493867,1058919,US
995,2022-10-12,0,96567547,1059706,US
996,2022-10-13,0,96643191,1060345,US
997,2022-10-14,0,96672841,1060730,US
998,2022-10-15,0,96675617,1060748,US
999,2022-10-16,0,96682663,1060760,US
1000,2022-10-17,0,96729811,1061118,US
1001,2022-10-18,0,96757935,1061498,US
1002,2022-10-19,0,96826394,1062203,US
1003,2022-10-20,0,96887495,1062741,US
1004,2022-10-21,0,96921457,1063369,US
1005,2022-10-22,0,96924033,1063379,US
1006,2022-10-23,0,96931008,1063380,US
1007,2022-10-24,0,96970800,1063613,US
1008,2022-10-25,0,96996456,1063993,US
1009,2022-10-26,0,97077271,1065118,US
1010,2022-10-27,0,97146134,1065706,US
1011,2022-10-28,0,97179235,1065942,US
1012,2022-10-29,0,97182927,1065964,US
1013,2022-10-30,0,97186606,1065966,US
1014,2022-10-31,0,97233018,1066150,US
1015,2022-11-01,0,97262328,1066491,US
1016,2022-11-02,0,97338475,1067366,US
1017,2022-11-03,0,97416551,1067922,US
1018,2022-11-04,0,97465910,1068411,US
1019,2022-11-05,0,97469639,1068432,US
1020,2022-11-06,0,97476278,1068437,US
1021,2022-11-07,0,97515570,1068574,US
1022,2022-11-08,0,97536711,1068787,US
1023,2022-11-09,0,97630397,1069707,US
1024,2022-11-10,0,97718317,1070288,US
1025,2022-11-11,0,97729641,1083006,US
1026,2022-11-12,0,97732216,1083008,US
1027,2022-11-13,0,97734170,1083009,US
1028,2022-11-14,0,97785091,1083181,US
1029,2022-11-15,0,97818155,1083484,US
1030,2022-11-16,0,97896481,1083989,US
1031,2022-11-17,0,97979502,1084415,US
1032,2022-11-18,0,98030190,1084931,US
1033,2022-11-19,0,98033687,1084942,US
1034,2022-11-20,0,98036926,1084942,US
1035,2022-11-21,0,98080590,1085106,US
1036,2022-11-22,0,98117917,1085553,US
1037,2022-11-23,0,98228602,1086524,US
1038,2022-11-24,0,98264632,1086674,US
1039,2022-11-25,0,98290350,1086893,US
1040,2022-11-26,0,98291540,1086894,US
1041,2022-11-27,0,98298369,1086908,US
1042,2022-11-28,0,98356317,1087098,US
1043,2022-11-29,0,98404190,1087415,US
1044,2022-11-30,0,98516131,1087873,US
1045,2022-12-01,0,98613271,1088564,US
1046,2022-12-02,0,98686737,1088978,US
1047,2022-12-03,0,98691598,1088997,US
1048,2022-12-04,0,98696204,1088997,US
1049,2022-12-05,0,98750243,1089181,US
1050,2022-12-06,0,98798681,1089662,US
1051,2022-12-07,0,98949011,1090599,US
1052,2022-12-08,0,99089404,1092099,US
1053,2022-12-09,0,99122963,1092393,US
1054,2022-12-10,0,99128018,1092410,US
1055,2022-12-11,0,99133303,1092410,US
1056,2022-12-12,0,99187602,1092595,US
1057,2022-12-13,0,99245874,1093064,US
1058,2022-12-14,0,99400962,1093869,US
1059,2022-12-15,0,99527716,1094509,US
1060,2022-12-16,0,99601910,1095062,US
1061,2022-12-17,0,99606838,1095074,US
1062,2022-12-18,0,99612758,1095074,US
1063,2022-12-19,0,99669991,1095297,US
1064,2022-12-20,0,99726822,1095749,US
1065,2022-12-21,0,99907293,1096760,US
1066,2022-12-22,0,100055824,1097361,US
1067,2022-12-23,0,100087194,1097537,US
1068,2022-12-24,0,100092117,1097539,US
1069,2022-12-25,0,100095566,1097539,US
1070,2022-12-26,0,100104798,1097550,US
1071,2022-12-27,0,100190406,1097812,US
1072,2022-12-28,0,100313378,1098651,US
1073,2022-12-29,0,100423471,1099302,US
1074,2022-12-30,0,100456662,1099824,US
1075,2022-12-31,0,100462184,1099837,US
1076,2023-01-01,0,100447989,1099837,US
1077,2023-01-02,0,100458882,1099837,US
1078,2023-01-03,0,100535564,1100152,US
1079,2023-01-04,0,100743731,1102278,US
1080,2023-01-05,0,100859561,1102956,US
1081,2023-01-06,0,100969155,1103517,US
1082,2023-01-07,0,100972762,1103530,US
1083,2023-01-08,0,100978862,1103533,US
1084,2023-01-09,0,101023334,1103732,US
1085,2023-01-10,0,101067331,1104459,US
1086,2023-01-11,0,101225546,1105982,US
1087,2023-01-12,0,101322776,1106738,US
1088,2023-01-13,0,101353503,1107013,US
1089,2023-01-14,0,101357407,1107039,US
1090,2023-01-15,0,101361142,1107040,US
1091,2023-01-16,0,101369550,1107051,US
1092,2023-01-17,0,101428192,1107788,US
1093,2023-01-18,0,101573353,1109270,US
1094,2023-01-19,0,101641282,1110084,US
1095,2023-01-20,0,101724115,1111004,US
1096,2023-01-21,0,101726588,1111011,US
1097,2023-01-22,0,101731541,1111020,US
1098,2023-01-23,0,101763953,1111290,US
1099,2023-01-24,0,101795726,1111991,US
1100,2023-01-25,0,101909009,1113234,US
1101,2023-01-26,0,101987861,1114038,US
1102,2023-01-27,0,102002032,1114217,US
1103,2023-01-28,0,102004232,1114224,US
1104,2023-01-29,0,102008656,1114228,US
1105,2023-01-30,0,102039105,1114413,US
1106,2023-01-31,0,102070172,1115001,US
1107,2023-02-01,0,102179838,1115974,US
1108,2023-02-02,0,102247441,1116666,US
1109,2023-02-03,0,102311816,1117828,US
1110,2023-02-04,0,102314712,1117837,US
1111,2023-02-05,0,102317430,1117837,US
1112,2023-02-06,0,102342210,1118038,US
1113,2023-02-07,0,102374102,1118715,US
1114,2023-02-08,0,102486294,1119717,US
1115,2023-02-09,0,102555293,1120505,US
1116,2023-02-10,0,102569435,1120667,US
1117,2023-02-11,0,102571337,1120678,US
1118,2023-02-12,0,102574464,1120691,US
1119,2023-02-13,0,102598932,1120904,US
1120,2023-02-14,0,102626458,1121294,US
1121,2023-02-15,0,102729372,1122197,US
1122,2023-02-16,0,102799884,1122844,US
1123,2023-02-17,0,102845975,1123572,US
1124,2023-02-18,0,102850046,1123580,US
1125,2023-02-19,0,102852853,1123588,US
1126,2023-02-20,0,102861300,1123643,US
1127,2023-02-21,0,102890417,1123951,US
1128,2023-02-22,0,103017916,1124805,US
1129,2023-02-23,0,103082394,1125325,US
1130,2023-02-24,0,103093565,1125407,US
1131,2023-02-25,0,103095092,1125420,US
1132,2023-02-26,0,103097410,1125421,US
1133,2023-02-27,0,103115557,1125449,US
1134,2023-02-28,0,103143908,1127272,US
1135,2023-03-01,0,103233169,1128090,US
1136,2023-03-02,0,103295280,1128722,US
1137,2023-03-03,0,103364789,1129424,US
1138,2023-03-04,0,103366460,1129434,US
1139,2023-03-05,0,103368027,1129434,US
1140,2023-03-06,0,103382801,1129530,US
1141,2023-03-07,0,103406609,1129852,US
1142,2023-03-08,0,103469981,1130471,US
1143,2023-03-09,0,103525528,1131912,US
